{
  "version": "v1",
  "blocklist": [],
  "data": [
    {
      "schema_version": "1.0.0",
      "id": "poptools",
      "name": "PopTools - 蜂鸟工具箱",
      "tagline": "专业的Blender游戏资产制作和导出工具集，支持多引擎导出和纹理管理",
      "version": "3.3.5",
      "type": "add-on",
      "maintainer": "johnYancg94",
      "license": [
        "SPDX:GPL-3.0-or-later"
      ],
      "blender_version_min": "4.2.0",
      "website": "https://github.com/johnYancg94/PopTools",
      "tags": [
        "3D View",
        "Object",
        "UV",
        "Mesh",
        "Import-Export",
        "Modeling",
        "Game Development",
        "Texture",
        "Animation"
      ],
      "archive_url": "./PopTools.zip",
      "archive_size": 164076,
      "archive_hash": "sha256:54f6d9c9fc73bfa7ff951d9edac70da07af6902e0b50d32a8f8f79067d1ccf48"
    }
  ]
}